"Code ISO_3","Numéro","Continent rattaché","State","État","Superficie 2007","Superficie 2012","Pop 2007","Pop 2008","Pop 2009","Pop 2010","Pop 2011","Pop 2012","Pop 2013","Pop 2014","Pop 2015","Pop 2016","Pop 2017","Pop 2018","Pop 2019","Pop 2020","Pop 2021","Pop 2022","Pop 2023","Pop 2024","Pop 2025","Densité 2007","Densité 2008","Densité 2009","Densité 2010","Densité 2011","Densité 2012","Densité 2013","Densité 2014","Densité 2015","Densité 2016","Densité 2017","Densité 2018","Densité 2019","Densité 2020","Densité 2021","Densité 2022","Densité 2023","Densité 2024","Densité 2025"
"afg",1,"Asie","Afghanistan","Afghanistan",653000,653000,31100000,31900000,32700000,28400000,29100000,32400000,33400000,30600000,30600000,32200000,33300000,34200000,34900000,38000000,38900000,39800000,41100000,42200000,42600000,48,48.85,50.08,43.49,44.56,49.620000000000005,51.15,46.86,46.86,49.31,51.,52.370000000000005,53.45,58.19,59.57,60.95,62.940000000000005,64.62,65.24
"zaf",2,"Afrique","South Africa","Afrique du Sud",1222000,1222000,47300000,47900000,48300000,50700000,50500000,50500000,50700000,53000000,53000000,55000000,55000000,55400000,57400000,58600000,59300000,60000000,58900000,60400000,64000000,39,39.2,39.53,41.49,41.33,41.33,41.49,43.37,43.37,45.01,45.01,45.34,46.97,47.95,48.53,49.1,48.2,49.43,52.370000000000005
"alb",3,"Europe","Albania","Albanie",29000,29000,3200000,3200000,3200000,3200000,3200000,3200000,3200000,2800000,2800000,2900000,2900000,2900000,2900000,2900000,2900000,2870000,2800000,2800000,2700000,110,110.34,110.34,110.34,110.34,110.34,110.34,96.55,96.55,100.,100.,100.,100.,100.,100.,98.97,96.55,96.55,93.10000000000001
"dza",4,"Afrique","Algeria","Algérie",2384000,2384000,33500000,34100000,34700000,35400000,35400000,36000000,36500000,38300000,38300000,39900000,40400000,41100000,42000000,43100000,43100000,44600000,44900000,45600000,46800000,14,14.3,14.56,14.85,14.85,15.1,15.31,16.07,16.07,16.740000000000002,16.95,17.240000000000002,17.62,18.080000000000002,18.080000000000002,18.71,18.830000000000002,19.13,19.63
"deu",5,"Europe","Germany","Allemagne",357000,357000,82400000,82300000,82200000,82000000,82000000,81800000,82000000,80600000,80600000,81100000,80700000,80600000,82300000,83500000,83800000,83800000,83400000,83300000,84500000,231,230.53,230.25,229.69,229.69,229.13,229.69,225.77,225.77,227.17000000000002,226.05,225.77,230.53,233.89000000000001,234.73000000000002,234.73000000000002,233.61,233.33,236.69
"and",6,"Europe","Andorra","Andorre",468,468,,,,,,,,78000,79000,80000,80000,80000,76965,80000,80000,77000,78000,80000,80000,,,,,,,,166.67000000000002,168.8,170.94,170.94,170.94,164.46,170.94,170.94,164.53,166.67000000000002,170.94,170.94
"ago",7,"Afrique","Angola","Angola",1248000,1248000,15800000,16300000,16800000,17100000,19000000,19600000,20200000,21600000,21600000,25000000,25800000,26700000,30800000,31800000,32900000,33900000,35600000,36600000,37800000,13,13.06,13.46,13.700000000000001,15.22,15.71,16.19,17.31,17.31,20.03,20.67,21.39,24.68,25.48,26.36,27.16,28.53,29.330000000000002,30.29
"atg",8,"Amérique","Antigua and Barbuda","Antigua-et-Barbuda",442,442,,,,,,,,90000,90000,90000,93000,94000,103000,97000,98000,99000,94000,94000,94000,,,,,,,,203.62,203.62,203.62,210.41,212.67000000000002,233.03,219.46,221.72,223.98000000000002,212.67000000000002,212.67000000000002,212.67000000000002
"sau",9,"Asie","Saudi Arabia","Arabie Saoudite",2152000,2152000,24100000,27600000,28100000,28700000,26200000,27900000,28700000,30100000,30100000,31600000,32100000,32700000,33500000,34300000,34800000,35300000,36400000,36900000,33900000,11,12.83,13.06,13.34,12.17,12.96,13.34,13.99,13.99,14.68,14.92,15.200000000000001,15.57,15.94,16.17,16.4,16.91,17.150000000000002,15.75
"arg",10,"Amérique","Argentina","Argentine",2784000,2784000,39000000,39400000,39700000,40300000,40700000,40500000,41100000,41300000,41300000,42400000,43800000,44300000,44700000,44800000,45200000,45600000,45500000,45700000,45600000,14,14.15,14.26,14.48,14.620000000000001,14.55,14.76,14.83,14.83,15.23,15.73,15.91,16.06,16.09,16.240000000000002,16.38,16.34,16.42,16.38
"arm",11,"Asie","Armenia","Arménie",30000,30000,3000000,3000000,3100000,3100000,3100000,3100000,3100000,3000000,3000000,3000000,3000000,3000000,2900000,3000000,3000000,2900000,2800000,2700000,2900000,100,100.,103.33,103.33,103.33,103.33,103.33,100.,100.,100.,100.,100.,96.67,100.,100.,96.67,93.33,90.,96.67
"aus",12,"Océanie","Australia","Australie",7750000,7750000,20600000,21000000,21300000,21900000,21500000,22700000,22900000,23100000,21300000,23900000,24300000,24600000,24800000,25200000,25500000,25700000,26200000,31600000,26700000,3,2.71,2.75,2.83,2.77,2.93,2.95,2.98,2.75,3.08,3.14,3.17,3.2,3.25,3.29,3.3200000000000003,3.38,4.08,3.45
"aut",13,"Europe","Austria","Autriche",84000,84000,8300000,8300000,8400000,8400000,8400000,8400000,8400000,8500000,8500000,8600000,8600000,8600000,8700000,9000000,9000000,9000000,9000000,9000000,9100000,99,98.81,100.,100.,100.,100.,100.,101.19,101.19,102.38,102.38,102.38,103.57000000000001,107.14,107.14,107.14,107.14,107.14,108.33
"aze",14,"Asie","Azerbaijan","Azerbaïdjan",87000,87000,8500000,8600000,8700000,8800000,8900000,9200000,9400000,9400000,9400000,9700000,9900000,10000000,9900000,10000000,10200000,10200000,10400000,10400000,10300000,98,98.85000000000001,100.,101.15,102.3,105.75,108.05,108.05,108.05,111.49000000000001,113.79,114.94,113.79,114.94,117.24000000000001,117.24000000000001,119.54,119.54,118.39
"bhs",15,"Amérique","Bahamas","Bahamas",14000,14000,300000,300000,300000,300000,300000,400000,400000,350000,350000,380000,393000,397000,399000,389000,393000,397000,410000,413000,401000,21,21.43,21.43,21.43,21.43,28.57,28.57,25.,25.,27.14,28.07,28.36,28.5,27.79,28.07,28.36,29.29,29.5,28.64
"bhr",16,"Asie","Bahrain","Bahreïn",700,700,700000,800000,800000,1200000,800000,1300000,1400000,1100000,1100000,1400000,1400000,1400000,1600000,1600000,1700000,1700000,1400000,1500000,1600000,1000,1142.8600000000001,1142.8600000000001,1714.29,1142.8600000000001,1857.14,2000.,1571.43,1571.43,2000.,2000.,2000.,2285.71,2285.71,2428.57,2428.57,2000.,2142.86,2285.71
"bgd",17,"Asie","Bangladesh","Bangladesh",144000,144000,146600000,149000000,147300000,162200000,164400000,150700000,152400000,156600000,156600000,160400000,162900000,164800000,166700000,163000000,164700000,166300000,171200000,173000000,173500000,1018,1034.72,1022.9200000000001,1126.39,1141.67,1046.53,1058.33,1087.5,1087.5,1113.89,1131.25,1144.44,1157.64,1131.94,1143.75,1154.8600000000001,1188.89,1201.39,1204.8600000000001
"bel",18,"Europe","Belgium","Belgique",31000,31000,10500000,10600000,10700000,10800000,10700000,11000000,10800000,11200000,11200000,11200000,11400000,11400000,11500000,11500000,11600000,11600000,11700000,11600000,11700000,339,341.94,345.16,348.39,345.16,354.84000000000003,348.39,361.29,361.29,361.29,367.74,367.74,370.97,370.97,374.19,374.19,377.42,374.19,377.42
"blz",19,"Amérique","Belize","Belize",23000,23000,300000,300000,300000,300000,300000,300000,300000,330000,330000,370000,367000,375000,382000,390000,398000,405000,405000,411000,417000,13,13.040000000000001,13.040000000000001,13.040000000000001,13.040000000000001,13.040000000000001,13.040000000000001,14.35,14.35,16.09,15.96,16.3,16.61,16.96,17.3,17.61,17.61,17.87,18.13
"ben",20,"Afrique","Benin","Bénin",113000,113000,8700000,9000000,9300000,8900000,9200000,9100000,9400000,9600000,9600000,10600000,11200000,11500000,11500000,11800000,12100000,12400000,17500000,13700000,14400000,77,79.65,82.3,78.76,81.42,80.53,83.19,84.96000000000001,84.96000000000001,93.81,99.12,101.77,101.77,104.42,107.08,109.73,154.87,121.24000000000001,127.43
"btn",21,"Asie","Bhutan","Bhoutan",47000,47000,900000,900000,700000,700000,700000,700000,800000,700000,700000,800000,784000,793000,801000,800000,800000,780000,780000,787000,792000,19,19.150000000000002,14.89,14.89,14.89,14.89,17.02,14.89,14.89,17.02,16.68,16.87,17.04,17.02,17.02,16.6,16.6,16.740000000000002,16.85
"blr",22,"Europe","Belarus","Biélorussie",208000,208000,9700000,9700000,9700000,9700000,9600000,9500000,9500000,9500000,9500000,9500000,9500000,9500000,9400000,9500000,9400000,9400000,9500000,9500000,9000000,47,46.63,46.63,46.63,46.15,45.67,45.67,45.67,45.67,45.67,45.67,45.67,45.19,45.67,45.19,45.19,45.67,45.67,43.27
"bol",23,"Amérique","Bolivia","Bolivie",1100000,1100000,9100000,9800000,10000000,9900000,10000000,10100000,10200000,11000000,11000000,10500000,10800000,11100000,11200000,11500000,11700000,11800000,12200000,12300000,12400000,8,8.91,9.09,9.,9.09,9.18,9.27,10.,10.,9.55,9.82,10.09,10.18,10.450000000000001,10.64,10.73,11.09,11.18,11.27
"bih",24,"Europe","Bosnia and Herzegovina","Bosnie-Herzégovine",51000,51000,3900000,3800000,3800000,3800000,3800000,3800000,3800000,3800000,3800000,3700000,3800000,3800000,3500000,3300000,3300000,3200000,3200000,3200000,3100000,76,74.51,74.51,74.51,74.51,74.51,74.51,74.51,74.51,72.55,74.51,74.51,68.63,64.71000000000001,64.71000000000001,62.75,62.75,62.75,60.78
"bwa",25,"Afrique","Botswana","Botswana",582000,582000,1800000,1800000,1800000,2000000,2000000,2000000,2100000,1900000,1900000,2100000,2300000,2300000,2300000,2300000,2300000,2300000,2600000,2600000,2500000,3,3.09,3.09,3.44,3.44,3.44,3.61,3.2600000000000002,3.2600000000000002,3.61,3.95,3.95,3.95,3.95,3.95,3.95,4.47,4.47,4.3
"bra",26,"Amérique","Brazil","Brésil",8557000,8557000,186800000,189300000,195100000,195100000,195400000,196700000,198400000,195500000,195500000,204500000,209600000,211200000,212900000,211100000,212500000,213900000,215300000,216400000,211900000,22,22.12,22.8,22.8,22.84,22.990000000000002,23.19,22.85,22.85,23.900000000000002,24.490000000000002,24.68,24.88,24.67,24.830000000000002,25.,25.16,25.29,24.76
"brn",27,"Asie","Brunei","Brunei",6000,6000,400000,400000,400000,400000,400000,400000,400000,410000,410000,410000,429000,434000,434000,430000,437000,442000,450000,453000,463000,67,66.67,66.67,66.67,66.67,66.67,66.67,68.33,68.33,68.33,71.5,72.33,72.33,71.67,72.83,73.67,75.,75.5,77.17
"bgr",28,"Europe","Bulgaria","Bulgarie",111000,111000,7700000,7700000,7600000,7600000,7500000,7500000,7400000,7300000,7300000,7200000,7100000,7000000,7000000,7000000,7000000,6900000,6800000,6600000,6700000,69,69.37,68.47,68.47,67.57000000000001,67.57000000000001,66.67,65.77,65.77,64.86,63.96,63.06,63.06,63.06,63.06,62.160000000000004,61.26,59.46,60.36
"bfa",29,"Afrique","Burkina Faso","Burkina Faso",274000,274000,13600000,14800000,15200000,15800000,16300000,17000000,17500000,18000000,18000000,18500000,18600000,19200000,19700000,20300000,21000000,21400000,22600000,23200000,23500000,50,54.01,55.47,57.660000000000004,59.49,62.04,63.870000000000005,65.69,65.69,67.52,67.88,70.07000000000001,71.9,74.09,76.64,78.10000000000001,82.48,84.67,85.77
"bdi",30,"Afrique","Burundi","Burundi",28000,28000,7800000,8500000,8900000,8300000,8500000,10200000,8700000,10900000,10900000,10700000,11500000,12000000,11200000,11500000,11900000,12200000,12900000,13200000,14000000,279,303.57,317.86,296.43,303.57,364.29,310.71,389.29,389.29,382.14,410.71000000000004,428.57,400.,410.71000000000004,425.,435.71000000000004,460.71000000000004,471.43,500.
"khm",31,"Asie","Cambodia","Cambodge",181000,181000,14100000,14400000,14700000,14800000,15000000,14700000,14500000,14400000,14400000,15400000,15800000,16100000,16200000,16500000,16700000,16900000,16800000,16900000,17600000,78,79.56,81.22,81.77,82.87,81.22,80.11,79.56,79.56,85.08,87.29,88.95,89.5,91.16,92.27,93.37,92.82000000000001,93.37,97.24000000000001
"cmr",32,"Afrique","Cameroon","Cameroun",476000,476000,17300000,18100000,18500000,18900000,19900000,20100000,20500000,21500000,21500000,23700000,23900000,24500000,24700000,25900000,26500000,27200000,27900000,28600000,29100000,36,38.03,38.87,39.71,41.81,42.230000000000004,43.07,45.17,45.17,49.79,50.21,51.47,51.89,54.410000000000004,55.67,57.14,58.61,60.08,61.13
"can",33,"Amérique","Canada","Canada",9982000,9982000,32600000,32900000,33300000,33700000,33900000,34500000,34700000,35300000,35300000,35800000,36300000,36600000,37000000,37400000,37700000,38000000,38400000,38700000,39700000,3,3.3000000000000003,3.34,3.38,3.4,3.46,3.48,3.54,3.54,3.59,3.64,3.67,3.71,3.75,3.7800000000000002,3.81,3.85,3.88,3.98
"cpv",34,"Afrique","Cape Verde","Cap-Vert",4000,4000,500000,500000,500000,500000,500000,500000,500000,500000,500000,500000,527000,533000,553000,500000,560000,562000,593000,599000,525000,125,125.,125.,125.,125.,125.,125.,125.,125.,125.,131.75,133.25,138.25,125.,140.,140.5,148.25,149.75,131.25
"chl",35,"Amérique","Chile","Chili",757000,757000,16400000,16600000,16800000,17000000,17100000,17300000,17400000,17600000,17600000,18000000,18000000,18300000,18500000,19000000,19100000,19200000,19600000,19600000,19700000,22,21.93,22.19,22.46,22.59,22.85,22.990000000000002,23.25,23.25,23.78,23.78,24.17,24.44,25.1,25.23,25.36,25.89,25.89,26.02
"chn",36,"Asie","China","Chine",9584000,9584000,1311400000,1318000000,1325000000,1338000000,1354000000,1353000000,1354000000,1360000000,1360000000,1370000000,1380000000,1390000000,1410000000,1430000000,1440000000,1440000000,1420000000,1426000000,1400000000,137,137.52,138.25,139.61,141.28,141.17000000000002,141.28,141.9,141.9,142.95000000000002,143.99,145.03,147.12,149.21,150.25,150.25,148.16,148.79,146.08
"cyp",37,"Europe","Cyprus","Chypre",9000,9000,1000000,1000000,1100000,1100000,1100000,1100000,1100000,1100000,1100000,1200000,1200000,1200000,1200000,1200000,1200000,1200000,1200000,1200000,1300000,111,111.11,122.22,122.22,122.22,122.22,122.22,122.22,122.22,133.33,133.33,133.33,133.33,133.33,133.33,133.33,133.33,133.33,144.44
"col",38,"Amérique","Colombia","Colombie",1140000,1140000,46800000,46200000,44400000,45100000,46300000,46900000,47600000,48000000,48000000,48200000,48600000,49100000,49500000,50300000,50900000,51200000,51800000,52000000,52800000,41,40.53,38.95,39.56,40.61,41.14,41.75,42.11,42.11,42.28,42.63,43.07,43.42,44.12,44.65,44.910000000000004,45.44,45.61,46.32
"com",39,"Afrique","Comoros","Comores",2200,2200,700000,700000,700000,700000,700000,800000,800000,800000,800000,800000,807000,826000,832000,900000,900000,888000,837000,852000,867000,318,318.18,318.18,318.18,318.18,363.64,363.64,363.64,363.64,363.64,366.82,375.45,378.18,409.09000000000003,409.09000000000003,403.64,380.45,387.27,394.09000000000003
"cog",40,"Afrique","Republic of the Congo","Congo",342000,342000,3700000,3800000,3800000,3700000,3800000,4100000,4200000,4400000,4400000,4800000,4700000,4900000,5400000,5400000,5500000,5600000,6000000,6100000,6300000,11,11.11,11.11,10.82,11.11,11.99,12.280000000000001,12.870000000000001,12.870000000000001,14.040000000000001,13.74,14.33,15.790000000000001,15.790000000000001,16.080000000000002,16.37,17.54,17.84,18.42
"prk",41,"Asie","North Korea","Corée du Nord",121000,121000,23100000,23300000,23500000,22700000,24000000,24500000,24600000,24700000,24700000,25000000,25300000,25400000,25600000,25700000,25700000,25800000,26100000,26100000,26400000,191,192.56,194.21,187.6,198.35,202.48000000000002,203.31,204.13,204.13,206.61,209.09,209.92000000000002,211.57,212.4,212.4,213.22,215.70000000000002,215.70000000000002,218.18
"kor",42,"Asie","South Korea","Corée du Sud",99000,99000,48500000,48500000,48600000,48700000,48500000,49000000,48600000,50200000,50200000,50700000,50500000,50700000,51200000,51200000,51300000,51300000,51800000,51800000,51700000,490,489.90000000000003,490.91,491.92,489.90000000000003,494.95,490.91,507.07,507.07,512.12,510.1,512.12,517.17,517.17,518.1800000000001,518.1800000000001,523.23,523.23,522.22
"cri",43,"Amérique","Costa Rica","Costa Rica",51000,51000,4300000,4500000,4500000,4500000,4600000,4700000,4800000,4700000,4700000,4800000,4800000,4900000,4900000,5000000,5000000,5100000,5200000,5200000,5100000,84,88.24,88.24,88.24,90.2,92.16,94.12,92.16,92.16,94.12,94.12,96.08,96.08,98.04,98.04,100.,101.96000000000001,101.96000000000001,100.
"civ",44,"Afrique","Cote d'Ivoire","Côte d'Ivoire",323000,323000,19700000,20200000,20700000,21400000,21600000,22600000,20600000,21100000,21100000,23300000,23300000,23800000,24900000,25700000,26400000,27000000,28200000,28800000,31900000,61,62.54,64.09,66.25,66.87,69.97,63.78,65.33,65.33,72.14,72.14,73.68,77.09,79.57000000000001,81.73,83.59,87.31,89.16,98.76
"hrv",45,"Europe","Croatia","Croatie",57000,57000,4400000,4400000,4400000,4400000,4400000,4400000,4400000,4300000,4300000,4200000,4200000,4200000,4200000,4100000,4200000,4000000,4000000,4000000,3800000,77,77.19,77.19,77.19,77.19,77.19,77.19,75.44,75.44,73.68,73.68,73.68,73.68,71.93,73.68,70.18,70.18,70.18,66.67
"cub",46,"Amérique","Cuba","Cuba",111000,111000,11300000,11200000,11200000,11200000,11200000,11200000,11200000,11300000,11300000,11100000,11400000,11400000,11500000,11300000,11300000,11300000,11200000,11200000,10900000,102,100.9,100.9,100.9,100.9,100.9,100.9,101.8,101.8,100.,102.7,102.7,103.60000000000001,101.8,101.8,101.8,100.9,100.9,98.2
"dnk",47,"Europe","Denmark","Danemark",43000,43000,5400000,5500000,5500000,5500000,5500000,5600000,5600000,5600000,5600000,5700000,5700000,5700000,5700000,5800000,5800000,5800000,5900000,5900000,5900000,126,127.91,127.91,127.91,127.91,130.23,130.23,130.23,130.23,132.56,132.56,132.56,132.56,134.88,134.88,134.88,137.21,137.21,137.21
"dji",48,"Afrique","Djibouti","Djibouti",23000,23000,800000,800000,800000,900000,900000,900000,900000,900000,900000,900000,900000,911000,971000,1000000,1000000,1000000,1100000,1100000,1100000,35,34.78,34.78,39.13,39.13,39.13,39.13,39.13,39.13,39.13,39.13,39.61,42.22,43.480000000000004,43.480000000000004,43.480000000000004,47.83,47.83,47.83
"dma",49,"Amérique","Dominica","Dominique",49000,49000,,,,,,,,,10300000,70000,70000,70000,73543,73543,73543,72000,72000,72000,72500,,,,,,,,,210.20000000000002,1.43,1.43,1.43,1.5,1.5,1.5,1.47,1.47,1.47,1.48
"egy",50,"Afrique","Egypt","Égypte",1003000,1003000,75400000,73400000,74900000,78600000,84500000,82600000,84000000,84700000,84700000,89100000,93400000,95200000,99400000,100400000,102300000,104500000,111000000,112700000,116500000,75,73.18,74.68,78.36,84.25,82.35000000000001,83.75,84.45,84.45,88.83,93.12,94.92,99.10000000000001,100.10000000000001,101.99000000000001,104.19,110.67,112.36,116.15
"are",51,"Asie","United Arab Emirates","Émirats arabes unis",84000,84000,4900000,4400000,4500000,5100000,4700000,8100000,8100000,9300000,9300000,9600000,9300000,9400000,9500000,9800000,9900000,9900000,9400000,9500000,11000000,58,52.38,53.57,60.71,55.95,96.43,96.43,110.71000000000001,110.71000000000001,114.29,110.71000000000001,111.9,113.10000000000001,116.67,117.86,117.86,111.9,113.10000000000001,130.95
"ecu",52,"Amérique","Ecuador","Équateur",284000,284000,13300000,13500000,13800000,13600000,13800000,14700000,14900000,15800000,15800000,16300000,16400000,16600000,16900000,17400000,17600000,17800000,18000000,18100000,18100000,47,47.54,48.59,47.89,48.59,51.76,52.46,55.63,55.63,57.39,57.75,58.45,59.51,61.27,61.97,62.68,63.38,63.730000000000004,63.730000000000004
"eri",53,"Afrique","Eritrea","Érythrée",118000,118000,4600000,4900000,5000000,5100000,5200000,5900000,5600000,5800000,5800000,5200000,5300000,5500000,5200000,3500000,3500000,3600000,3700000,3700000,3500000,39,41.53,42.37,43.22,44.07,50.,47.46,49.15,49.15,44.07,44.92,46.61,44.07,29.66,29.66,30.51,31.36,31.36,29.66
"esp",54,"Europe","Spain","Espagne",507000,507000,45500000,45300000,46500000,46900000,45300000,46200000,46700000,46600000,46600000,46400000,46100000,46100000,46400000,46700000,46700000,46700000,47600000,47500000,47900000,90,89.35000000000001,91.72,92.5,89.35000000000001,91.12,92.11,91.91,91.91,91.52,90.93,90.93,91.52,92.11,92.11,92.11,93.89,93.69,94.48
"est",55,"Europe","Estonia","Estonie",45000,45000,1300000,1300000,1300000,1300000,1300000,1300000,1300000,1300000,1300000,1300000,1300000,1300000,1300000,1300000,1300000,1300000,1300000,1300000,1300000,29,28.89,28.89,28.89,28.89,28.89,28.89,28.89,28.89,28.89,28.89,28.89,28.89,28.89,28.89,28.89,28.89,28.89,28.89
"fsm",56,"Océanie","Micronesia","États fédérés de Micronésie",702,702,,,,110000,110000,100000,100000,110000,110000,100000,105000,106000,106000,114000,115000,116000,114000,115000,113000,,,,156.70000000000002,156.70000000000002,142.45000000000002,142.45000000000002,156.70000000000002,156.70000000000002,142.45000000000002,149.57,151.,151.,162.39000000000001,163.82,165.24,162.39000000000001,163.82,160.97
"usa",57,"Amérique","United States of America","États-Unis",9640000,9640000,299100000,302200000,304500000,304800000,317000000,311700000,315800000,316200000,316200000,321200000,324100000,326500000,326800000,329100000,331000000,332000000,338000000,340000000,345400000,31,31.35,31.59,31.62,32.88,32.33,32.76,32.8,32.8,33.32,33.62,33.87,33.9,34.14,34.34,34.44,35.06,35.27,35.83
"eth",58,"Afrique","Ethiopia","Éthiopie",1106000,1106000,74800000,77400000,79100000,8280000,85000000,87100000,8650000,89200000,89200000,98100000,101800000,104300000,107500000,112100000,115000000,117000000,123400000,126500000,132000000,68,69.98,71.52,7.49,76.85000000000001,78.75,7.82,80.65,80.65,88.7,92.04,94.3,97.2,101.36,103.98,105.79,111.57000000000001,114.38,119.35000000000001
"fji",59,"Océanie","Fiji","Fidji",18000,18000,800000,900000,900000,800000,900000,900000,900000,900000,900000,900000,898000,903000,912000,890000,900000,903000,930000,936000,929000,44,50.,50.,44.44,50.,50.,50.,50.,50.,50.,49.89,50.17,50.67,49.44,50.,50.17,51.67,52.,51.61
"fin",60,"Europe","Finland","Finlande",339000,339000,5300000,5300000,5300000,5300000,5300000,5400000,5400000,5400000,5400000,5500000,5500000,5500000,5600000,5500000,5500000,5500000,5500000,5500000,5600000,16,15.63,15.63,15.63,15.63,15.93,15.93,15.93,15.93,16.22,16.22,16.22,16.52,16.22,16.22,16.22,16.22,16.22,16.52
"fra",61,"Europe","France","France",550000,550000,63601000,63962000,64300000,64669000,64640000,65700000,65900000,66300000,66300000,66800000,66900000,67300000,67600000,67600000,67700000,67850000,67160000,67180000,68980000,116,116.29,116.91,117.58,117.53,119.45,119.82000000000001,120.55,120.55,121.45,121.64,122.36,122.91,122.91,123.09,123.36,122.11,122.15,125.42
"gab",62,"Afrique","Gabon","Gabon",268000,268000,1400000,1300000,1400000,1500000,1500000,1500000,1600000,1600000,1600000,800000,1800000,1800000,2100000,2200000,2200000,2200000,2400000,2400000,2500000,5,4.8500000000000005,5.22,5.6000000000000005,5.6000000000000005,5.6000000000000005,5.97,5.97,5.97,2.99,6.72,6.72,7.84,8.21,8.21,8.21,8.96,8.96,9.33
"gmb",63,"Afrique","Gambia","Gambie",11000,11000,1500000,1500000,1600000,1600000,1700000,1800000,1800000,1900000,1900000,2000000,2100000,2100000,2200000,2300000,2400000,2400000,2700000,2700000,2700000,136,136.36,145.45000000000002,145.45000000000002,154.55,163.64000000000001,163.64000000000001,172.73,172.73,181.82,190.91,190.91,200.,209.09,218.18,218.18,245.45000000000002,245.45000000000002,245.45000000000002
"geo",64,"Europe","Georgia","Géorgie",70000,70000,4400000,4500000,4600000,4600000,4200000,4300000,4300000,4500000,4500000,3800000,4000000,4000000,3900000,4000000,4000000,3900000,3700000,3700000,3800000,63,64.29,65.71000000000001,65.71000000000001,60.,61.43,61.43,64.29,64.29,54.29,57.14,57.14,55.71,57.14,57.14,55.71,52.86,52.86,54.29
"gha",65,"Afrique","Ghana","Ghana",239000,239000,22600000,23000000,23900000,23800000,24300000,25000000,25500000,26100000,26100000,27700000,28000000,28700000,29500000,30400000,31000000,31700000,33500000,34100000,34400000,95,96.23,100.,99.58,101.67,104.60000000000001,106.69,109.21000000000001,109.21000000000001,115.9,117.15,120.08,123.43,127.2,129.71,132.64000000000001,140.17000000000002,142.68,143.93
"grc",66,"Europe","Greece","Grèce",132000,132000,11100000,11200000,11200000,11300000,11200000,11300000,11400000,11100000,11100000,11500000,11000000,10900000,11100000,10500000,10400000,10300000,10400000,10300000,10000000,84,84.85000000000001,84.85000000000001,85.61,84.85000000000001,85.61,86.36,84.09,84.09,87.12,83.33,82.58,84.09,79.55,78.79,78.03,78.79,78.03,75.76
"grd",67,"Amérique","Grenada","Grenade",334,334,,,,,,,,110000,110000,110000,107000,108000,108000,112000,113000,113000,125000,126000,117000,,,,,,,,329.34000000000003,329.34000000000003,329.34000000000003,320.36,323.35,323.35,335.33,338.32,338.32,374.25,377.25,350.3
"gtm",68,"Amérique","Guatemala","Guatemala",109000,109000,13000000,13400000,13700000,14000000,14400000,14700000,15100000,15400000,15400000,16200000,16700000,17000000,17200000,17600000,17900000,18200000,17800000,18000000,18400000,119,122.94,125.69,128.44,132.11,134.86,138.53,141.28,141.28,148.62,153.21,155.96,157.8,161.47,164.22,166.97,163.3,165.14000000000001,168.81
"gin",69,"Afrique","Guinea","Guinée",246000,246000,9800000,10100000,10300000,10100000,10300000,10200000,10500000,11800000,11800000,11000000,12900000,13300000,13000000,12800000,13000000,13400000,13800000,14100000,14700000,40,41.06,41.87,41.06,41.87,41.46,42.68,47.97,47.97,44.72,52.44,54.07,52.85,52.03,52.85,54.47,56.1,57.32,59.76
"gnb",70,"Afrique","Guinea-Bissau","Guinée-Bissau",36000,36000,1400000,1700000,1700000,1600000,1600000,1600000,1600000,1700000,1700000,1800000,1900000,1900000,1900000,1900000,2000000,2000000,2100000,2100000,2200000,39,47.22,47.22,44.44,44.44,44.44,44.44,47.22,47.22,50.,52.78,52.78,52.78,52.78,55.56,55.56,58.33,58.33,61.11
"gnq",71,"Afrique","Equatorial Guinea","Guinée-Équatoriale",28000,28000,500000,500000,600000,700000,700000,700000,700000,800000,800000,1800000,870000,894000,1300000,1400000,1400000,1400000,1700000,1700000,1800000,18,17.86,21.43,25.,25.,25.,25.,28.57,28.57,64.29,31.07,31.93,46.43,50.,50.,50.,60.71,60.71,64.29
"guy",72,"Amérique","Guyana","Guyana",215000,215000,700000,800000,800000,800000,800000,800000,800000,800000,800000,700000,771000,774000,778000,783000,787000,790000,808700,814000,831000,3,3.72,3.72,3.72,3.72,3.72,3.72,3.72,3.72,3.2600000000000002,3.59,3.6,3.62,3.64,3.66,3.67,3.7600000000000002,3.79,3.87
"hti",73,"Amérique","Haiti","Haïti",28000,28000,8500000,9000000,9100000,9200000,10200000,10100000,10300000,10400000,10400000,10900000,10800000,11000000,11100000,11300000,11400000,11500000,11600000,11700000,11700000,304,321.43,325.,328.57,364.29,360.71,367.86,371.43,371.43,389.29,385.71000000000004,392.86,396.43,403.57,407.14,410.71000000000004,414.29,417.86,417.86
"hnd",74,"Amérique","Honduras","Honduras",112000,112000,7400000,7100000,7300000,7500000,7600000,7800000,7900000,8600000,8600000,8300000,8200000,8300000,9400000,9700000,9900000,10000000,10400000,10600000,10800000,66,63.39,65.18,66.96000000000001,67.86,69.64,70.54,76.79,76.79,74.11,73.21000000000001,74.11,83.93,86.61,88.39,89.29,92.86,94.64,96.43
"hun",75,"Europe","Hungary","Hongrie",93028,93028,10100000,10100000,10000000,10000000,10000000,10000000,9900000,9900000,9900000,9800000,9800000,9800000,9700000,9700000,9700000,9600000,9700000,10100000,9600000,109,108.57000000000001,107.49000000000001,107.49000000000001,107.49000000000001,107.49000000000001,106.42,106.42,106.42,105.34,105.34,105.34,104.27,104.27,104.27,103.19,104.27,108.57000000000001,103.19
"ind",76,"Asie","India","Inde",3291000,3291000,1121800000,1131900000,1149300000,1171000000,1214000000,1241300000,1258000000,1280000000,1280000000,1310000000,1320000000,1340000000,1360000000,1370000000,1380000000,1390000000,1410000000,1428000000,1450000000,341,343.94,349.23,355.82,368.88,377.18,382.25,388.94,388.94,398.06,401.09000000000003,407.17,413.25,416.29,419.33,422.36,428.44,433.91,440.6
"idn",77,"Asie","Indonesia","Indonésie",1907000,1907000,225500000,231600000,239900000,243300000,232500000,238200000,244800000,248500000,248500000,255700000,260600000,263500000,266400000,270600000,273500000,276300000,275500000,277500000,283400000,118,121.45,125.8,127.58,121.92,124.91,128.37,130.31,130.31,134.08,136.65,138.18,139.70000000000002,141.9,143.42000000000002,144.89000000000001,144.47,145.52,148.61
"irn",78,"Asie","Iran","Irak",439000,439000,29600000,29000000,29500000,30000000,31500000,32700000,33700000,35100000,35100000,37100000,37500000,38700000,39300000,39300000,40200000,41100000,44400000,45500000,46000000,67,66.06,67.2,68.34,71.75,74.49,76.77,79.95,79.95,84.51,85.42,88.15,89.52,89.52,91.57000000000001,93.62,101.14,103.64,104.78
"irq",79,"Asie","Iraq","Iran",1635000,1635000,70300000,71200000,72200000,73200000,75000000,77900000,75600000,76500000,76500000,78500000,80000000,80900000,82000000,82900000,84000000,85000000,85500000,89100000,91000000,43,43.550000000000004,44.160000000000004,44.77,45.87,47.65,46.24,46.79,46.79,48.01,48.93,49.480000000000004,50.15,50.7,51.38,51.99,52.29,54.5,55.660000000000004
"irl",80,"Europe","Ireland","Irlande",70000,70000,4200000,4400000,4500000,4500000,4500000,4600000,4600000,4600000,4600000,4600000,4700000,4700000,4700000,4900000,4900000,4900000,5000000,5000000,5200000,60,62.86,64.29,64.29,64.29,65.71000000000001,65.71000000000001,65.71000000000001,65.71000000000001,65.71000000000001,67.14,67.14,67.14,70.,70.,70.,71.43,71.43,74.29
"isl",81,"Europe","Iceland","Islande",103000,103000,300000,300000,300000,300000,300000,300000,300000,320000,320000,330000,332000,334000,338000,340000,341000,343000,373000,375000,393000,3,2.91,2.91,2.91,2.91,2.91,2.91,3.11,3.11,3.2,3.22,3.24,3.2800000000000002,3.3000000000000003,3.31,3.33,3.62,3.64,3.8200000000000003
"isr",82,"Asie","Israel","Israël",21000,21000,7200000,7300000,7500000,7600000,7300000,7900000,7700000,8100000,8100000,8400000,8200000,8300000,8400000,8500000,8500000,8800000,9000000,9100000,9300000,343,347.62,357.14,361.90000000000003,347.62,376.19,366.67,385.71000000000004,385.71000000000004,400.,390.48,395.24,400.,404.76,404.76,419.05,428.57,433.33,442.86
"ita",83,"Europe","Italy","Italie",302000,302000,59000000,59300000,59900000,60300000,60100000,60800000,61000000,59800000,59800000,62500000,59800000,59800000,59300000,60600000,60500000,60300000,59000000,58800000,59300000,195,196.36,198.34,199.67000000000002,199.01,201.32,201.99,198.01,198.01,206.95000000000002,198.01,198.01,196.36,200.66,200.33,199.67000000000002,195.36,194.70000000000002,196.36
"jam",84,"Amérique","Jamaica","Jamaïque",11000,11000,2700000,2700000,2700000,2700000,2700000,2700000,2800000,2700000,2700000,2700000,2800000,2800000,2900000,2900000,2900000,2900000,2900000,2800000,2800000,245,245.45000000000002,245.45000000000002,245.45000000000002,245.45000000000002,245.45000000000002,254.55,245.45000000000002,245.45000000000002,245.45000000000002,254.55,254.55,263.64,263.64,263.64,263.64,263.64,254.55,254.55
"jpn",85,"Asie","Japan","Japon",378000,378000,127800000,127700000,127700000,127600000,127000000,128100000,126400000,127300000,127300000,126900000,126300000,126000000,127200000,126900000,126500000,126000000,124000000,123300000,123700000,338,337.83,337.83,337.57,335.98,338.89,334.39,336.77,336.77,335.71,334.13,333.33,336.51,335.71,334.66,333.33,328.04,326.19,327.25
"jor",86,"Asie","Jordan","Jordanie",89000,89000,5600000,5700000,5800000,5900000,6500000,6600000,6500000,7300000,7300000,8100000,7700000,7900000,9900000,10100000,10200000,10200000,11300000,11300000,11500000,63,64.04,65.17,66.29,73.03,74.16,73.03,82.02,82.02,91.01,86.52,88.76,111.24000000000001,113.48,114.61,114.61,126.97,126.97,129.21
"kaz",87,"Asie","Kazakhstan","Kazakhastan",2720000,2720000,15300000,15500000,15700000,15900000,15800000,16600000,16400000,17000000,17000000,17500000,17800000,18100000,18400000,18600000,18800000,19000000,19400000,19600000,20500000,6,5.7,5.7700000000000005,5.8500000000000005,5.8100000000000005,6.1000000000000005,6.03,6.25,6.25,6.43,6.54,6.65,6.76,6.84,6.91,6.99,7.13,7.21,7.54
"ken",88,"Afrique","Kenya","Kenya",581000,581000,34700000,35000000,38000000,39100000,40900000,41600000,42700000,44200000,44200000,44300000,47200000,48500000,50900000,52600000,53800000,54900000,54000000,55100000,56400000,60,60.24,65.4,67.3,70.4,71.60000000000001,73.49,76.08,76.08,76.25,81.24,83.48,87.61,90.53,92.60000000000001,94.49,92.94,94.84,97.07000000000001
"kgz",89,"Asie","Kyrgyzstan","Kirghizstan",199000,199000,5200000,5200000,5200000,5300000,5600000,5600000,5400000,5700000,5700000,6000000,6000000,6100000,6100000,6400000,6500000,6600000,6600000,6700000,7100000,26,26.13,26.13,26.63,28.14,28.14,27.14,28.64,28.64,30.150000000000002,30.150000000000002,30.650000000000002,30.650000000000002,32.160000000000004,32.660000000000004,33.17,33.17,33.67,35.68
"kir",90,"Océanie","Kiribati","Kiribati",700,700,,,,,,,,110000,110000,110000,114000,116000,118000,120000,119000,121000,130000,134000,135000,,,,,,,,157.14000000000001,157.14000000000001,157.14000000000001,162.86,165.71,168.57,171.43,170.,172.86,185.71,191.43,192.86
"ksv",91,"Europe","Kosovo","Kosovo",11000,11000,,,,,,,2300000,1800000,1800000,1800000,1800000,1800000,1800000,1800000,1800000,1700000,1600000,1600000,1600000,,,,,,,209.09,163.64000000000001,163.64000000000001,163.64000000000001,163.64000000000001,163.64000000000001,163.64000000000001,163.64000000000001,163.64000000000001,154.55,145.45000000000002,145.45000000000002,145.45000000000002
"kwt",92,"Asie","Kuwait","Koweït",18000,18000,2700000,2800000,2700000,3000000,3000000,2800000,2900000,3500000,3500000,3800000,4000000,4100000,4200000,4200000,4300000,4300000,4200000,4300000,4900000,150,155.56,150.,166.67000000000002,166.67000000000002,155.56,161.11,194.44,194.44,211.11,222.22,227.78,233.33,233.33,238.89000000000001,238.89000000000001,233.33,238.89000000000001,272.22
"brb",93,"Amérique","Barbados","La Barbade",400,400,300000,300000,300000,300000,300000,300000,300000,250000,250000,280000,285000,286000,286000,287000,290000,280000,282000,282000,282000,750,750.,750.,750.,750.,750.,750.,625.,625.,700.,712.5,715.,715.,717.5,725.,700.,705.,705.,705.
"lao",94,"Asie","Laos","Laos",237000,237000,6100000,5900000,5900000,6300000,6400000,6300000,6400000,6700000,6700000,6900000,6900000,7000000,7000000,7200000,7300000,7400000,7500000,7600000,7700000,26,24.89,24.89,26.580000000000002,27.,26.580000000000002,27.,28.27,28.27,29.11,29.11,29.54,29.54,30.38,30.8,31.220000000000002,31.650000000000002,32.07,32.49
"lso",95,"Afrique","Lesotho","Lesotho",30000,30000,1800000,1800000,1800000,2100000,2100000,2200000,2200000,2200000,2200000,1900000,2100000,2200000,2300000,2100000,2100000,2100000,2300000,2300000,2300000,60,60.,60.,70.,70.,73.33,73.33,73.33,73.33,63.33,70.,73.33,76.67,70.,70.,70.,76.67,76.67,76.67
"lva",96,"Europe","Latvia","Lettonie",65000,65000,2300000,2300000,2300000,2300000,2200000,2200000,2200000,2000000,2000000,2000000,2000000,1900000,1900000,1900000,1900000,1800000,1800000,1800000,1800000,35,35.38,35.38,35.38,33.85,33.85,33.85,30.77,30.77,30.77,30.77,29.23,29.23,29.23,29.23,27.69,27.69,27.69,27.69
"lbn",97,"Asie","Lebanon","Liban",10000,10000,3900000,3900000,4000000,3900000,4300000,4300000,4300000,4800000,4800000,6200000,6000000,6000000,6100000,6900000,6800000,6700000,5400000,5300000,5800000,390,390.,400.,390.,430.,430.,430.,480.,480.,620.,600.,600.,610.,690.,680.,670.,540.,530.,580.
"lbr",98,"Afrique","Liberia","Liberia",111000,111000,3400000,3800000,3900000,4000000,4100000,4100000,4200000,4400000,4400000,4500000,4600000,4700000,4800000,4900000,5000000,5100000,5300000,5400000,5600000,31,34.230000000000004,35.14,36.04,36.94,36.94,37.84,39.64,39.64,40.54,41.44,42.34,43.24,44.14,45.050000000000004,45.95,47.75,48.65,50.45
"lby",99,"Afrique","Libya","Libye",1762000,1762000,5900000,6200000,6300000,6300000,6500000,6400000,6500000,6500000,6500000,6300000,6300000,6400000,6500000,6800000,6900000,6900000,6800000,6800000,7800000,3,3.52,3.58,3.58,3.69,3.63,3.69,3.69,3.69,3.58,3.58,3.63,3.69,3.86,3.92,3.92,3.86,3.86,4.43
"lie",100,"Europe","Liechtenstein","Liechtenstein",160,160,,,,,,,,40000,40000,40000,40000,40000,37366,40000,40000,38000,38200,39000,39800,,,,,,,,250.,250.,250.,250.,250.,233.54,250.,250.,237.5,238.75,243.75,248.75
"ltu",101,"Europe","Lithuania","Lituanie",65000,65000,3400000,3400000,3400000,3300000,3300000,3200000,3300000,3000000,3000000,2900000,2850000,2800000,2900000,2800000,2700000,2700000,2700000,2700000,2800000,52,52.31,52.31,50.77,50.77,49.230000000000004,50.77,46.15,46.15,44.62,43.85,43.08,44.62,43.08,41.54,41.54,41.54,41.54,43.08
"lux",102,"Europe","Luxembourg","Luxembourg",3000,3000,500000,500000,500000,500000,500000,500000,500000,540000,540000,600000,576000,584000,590000,616000,626000,635000,648000,655000,673000,167,166.67000000000002,166.67000000000002,166.67000000000002,166.67000000000002,166.67000000000002,166.67000000000002,180.,180.,200.,192.,194.67000000000002,196.67000000000002,205.33,208.67000000000002,211.67000000000002,216.,218.33,224.33
"mkd",103,"Europe","Macedonia","Macédoine du Nord",26000,26000,2000000,2000000,2000000,2000000,2000000,2100000,2100000,2100000,2100000,2100000,2100000,2100000,2100000,2100000,2100000,2080000,2080000,2000000,1800000,77,76.92,76.92,76.92,76.92,80.77,80.77,80.77,80.77,80.77,80.77,80.77,80.77,80.77,80.77,80.,80.,76.92,69.23
"mdg",104,"Afrique","Madagascar","Madagascar",588000,588000,17800000,18300000,18900000,19500000,20100000,21300000,21900000,22500000,22500000,23000000,24900000,25600000,26300000,27000000,27700000,28400000,29600000,30300000,31900000,30,31.12,32.14,33.160000000000004,34.18,36.22,37.24,38.27,38.27,39.12,42.35,43.54,44.730000000000004,45.92,47.11,48.300000000000004,50.34,51.53,54.25
"mys",105,"Asie","Malaysia","Malasie",330000,330000,26900000,27200000,27700000,28300000,27900000,28900000,29300000,29800000,29800000,30800000,30800000,31200000,32000000,31900000,32400000,32700000,33900000,34300000,35500000,82,82.42,83.94,85.76,84.55,87.58,88.79,90.3,90.3,93.33,93.33,94.55,96.97,96.67,98.18,99.09,102.73,103.94,107.58
"mwi",106,"Afrique","Malawi","Malawi",119000,119000,12800000,13100000,13600000,14200000,15700000,15900000,15900000,16300000,16300000,17200000,17700000,18300000,19200000,18600000,19100000,19600000,20400000,20900000,21600000,108,110.08,114.29,119.33,131.93,133.61,133.61,136.97,136.97,144.54,148.74,153.78,161.34,156.3,160.5,164.71,171.43,175.63,181.51
"mdv",107,"Asie","Maldives","Maldives",300,300,300000,300000,300000,300000,300000,300000,300000,360000,360000,350000,370000,376000,382000,500000,540000,544000,524000,34300000,528000,1000,1000.,1000.,1000.,1000.,1000.,1000.,1200.,1200.,1166.67,1233.33,1253.33,1273.33,1666.67,1800.,1813.33,1746.67,114333.33,1760.
"mli",108,"Afrique","Mali","Mali",1242000,1242000,13900000,12300000,12700000,13000000,13300000,15400000,16300000,15500000,15500000,16700000,18100000,18700000,19100000,19700000,20000000,20800000,22600000,23200000,24400000,11,9.9,10.23,10.47,10.71,12.4,13.120000000000001,12.48,12.48,13.450000000000001,14.57,15.06,15.38,15.860000000000001,16.1,16.75,18.2,18.68,19.650000000000002
"mlt",109,"Europe","Malta","Malte",300,300,400000,400000,400000,400000,400000,400000,400000,450000,450000,400000,420000,421000,432000,440000,442000,443000,533000,535000,540000,1333,1333.33,1333.33,1333.33,1333.33,1333.33,1333.33,1500.,1500.,1333.33,1400.,1403.33,1440.,1466.67,1473.33,1476.67,1776.67,1783.33,1800.
"mar",110,"Afrique","Morocco","Maroc",447000,447000,31700000,31700000,31200000,31500000,32400000,32300000,32600000,33000000,33000000,34100000,34800000,35200000,36200000,36500000,36900000,37300000,37500000,37800000,38000000,71,70.92,69.8,70.47,72.48,72.26,72.93,73.83,73.83,76.29,77.85000000000001,78.75,80.98,81.66,82.55,83.45,83.89,84.56,85.01
"mhl",111,"Océanie","Marshall Islands","Marshall",200,200,,,,,,,,60000,60000,60000,60000,60000,60000,60000,60000,59000,59000,60000,60000,,,,,,,,300.,300.,300.,300.,300.,300.,300.,300.,295.,295.,300.,300.
"mus",112,"Afrique","Mauritius","Maurice",2000,2000,1300000,1300000,1300000,1300000,1300000,1300000,1300000,1300000,1300000,1300000,1300000,1300000,1300000,1300000,1300000,1200000,1300000,1300000,1200000,650,650.,650.,650.,650.,650.,650.,650.,650.,650.,650.,650.,650.,650.,650.,600.,650.,650.,600.
"mrt",113,"Afrique","Mauritania","Mauritanie",1027000,1027000,3200000,3100000,3200000,3300000,3300000,3500000,3600000,3700000,3700000,3600000,4200000,4300000,4500000,4500000,4600000,4700000,4700000,4800000,5100000,3,3.02,3.12,3.21,3.21,3.41,3.5100000000000002,3.6,3.6,3.5100000000000002,4.09,4.19,4.38,4.38,4.48,4.58,4.58,4.67,4.97
"mex",114,"Amérique","Mexico","Mexique",1960000,1960000,108300000,106500000,107700000,109600000,110600000,114800000,116700000,117600000,117600000,127000000,128000000,128000000,130700000,127600000,129000000,130000000,128500000,128400000,130800000,55,54.34,54.95,55.92,56.43,58.57,59.54,60.,60.,64.8,65.31,65.31,66.68,65.1,65.82000000000001,66.33,65.56,65.51,66.73
"mda",115,"Europe","Moldova","Moldavie",34000,34000,4000000,3900000,4100000,4100000,3600000,4100000,3500000,4100000,4100000,4100000,4100000,4100000,4000000,4000000,4000000,4000000,3200000,3400000,3000000,118,114.71000000000001,120.59,120.59,105.88,120.59,102.94,120.59,120.59,120.59,120.59,120.59,117.65,117.65,117.65,117.65,94.12,100.,88.24
"mco",116,"Europe","Monaco","Monaco",2,2,,,,,,,,33000,33000,40000,38400,38400,38308,40000,38308,38350,39500,39050,38300,,,,,,,,16500.,16500.,20000.,19200.,19200.,19154.,20000.,19154.,19175.,19750.,19525.,19150.
"mng",117,"Asie","Mongolia","Mongolie",1568000,1568000,2600000,2600000,2700000,2700000,2700000,2800000,2800000,2800000,2800000,3000000,3000000,3000000,3100000,3200000,3300000,3300000,3400000,3400000,3400000,2,1.6600000000000001,1.72,1.72,1.72,1.79,1.79,1.79,1.79,1.9100000000000001,1.9100000000000001,1.9100000000000001,1.98,2.04,2.1,2.1,2.17,2.17,2.17
"mne",118,"Europe","Montenegro","Monténégro",13812,13812,600000,600000,600000,600000,600000,600000,600000,600000,600000,600000,626000,626000,622387,628000,622400,628000,627000,626000,638000,43,43.44,43.44,43.44,43.44,43.44,43.44,43.44,43.44,43.44,45.32,45.32,45.06,45.47,45.06,45.47,45.4,45.32,46.19
"moz",119,"Afrique","Mozambique","Mozambique",803000,803000,19900000,20400000,20400000,22000000,23400000,23100000,24500000,24300000,24300000,25700000,28700000,29500000,30500000,30400000,31200000,31100000,33000000,33900000,34600000,25,25.400000000000002,25.400000000000002,27.400000000000002,29.14,28.77,30.51,30.26,30.26,32.,35.74,36.74,37.980000000000004,37.86,38.85,38.730000000000004,41.1,42.22,43.09
"mmr",120,"Asie","Myanmar","Myanmar",677000,677000,51000000,49800000,49200000,50000000,50500000,54000000,48700000,53300000,53300000,52100000,54400000,54800000,53800000,54000000,54400000,54800000,54200000,54500000,54500000,75,73.56,72.67,73.86,74.59,79.76,71.94,78.73,78.73,76.96000000000001,80.35000000000001,80.95,79.47,79.76,80.35000000000001,80.95,80.06,80.5,80.5
"nam",121,"Afrique","Namibia","Namibie",825000,825000,2100000,2100000,2100000,2200000,2200000,2300000,2400000,2400000,2400000,2500000,2500000,2600000,2600000,2500000,2500000,2500000,2500000,2600000,3000000,3,2.5500000000000003,2.5500000000000003,2.67,2.67,2.79,2.91,2.91,2.91,3.0300000000000002,3.0300000000000002,3.15,3.15,3.0300000000000002,3.0300000000000002,3.0300000000000002,3.0300000000000002,3.15,3.64
"nru",122,"Océanie","Nauru","Nauru",21,21,,,,,,,,10000,10000,10000,10000,11000,13000,13000,10800,10800,11000,12600,11900,,,,,,,,476.19,476.19,476.19,476.19,523.8100000000001,619.0500000000001,619.0500000000001,514.29,514.29,523.8100000000001,600.,566.67
"npl",123,"Asie","Nepal","Népal",147000,147000,26000000,27800000,27000000,27500000,29900000,30500000,31000000,26800000,26800000,28000000,28800000,29200000,29500000,28600000,29000000,29600000,30500000,30900000,29600000,177,189.12,183.67000000000002,187.07,203.4,207.48000000000002,210.88,182.31,182.31,190.48,195.92000000000002,198.64000000000001,200.68,194.56,197.28,201.36,207.48000000000002,210.20000000000002,201.36
"nic",124,"Amérique","Nicaragua","Nicaragua",130000,130000,5600000,5600000,5700000,5700000,5800000,5900000,6000000,6000000,6000000,6300000,6100000,6200000,6300000,6500000,6600000,6700000,6900000,7000000,6900000,43,43.08,43.85,43.85,44.62,45.38,46.15,46.15,46.15,48.46,46.92,47.69,48.46,50.,50.77,51.54,53.08,53.85,53.08
"ner",125,"Afrique","Niger","Niger",1268000,1268000,14400000,14200000,14700000,15300000,15900000,16100000,16700000,16900000,16900000,18900000,20700000,21600000,22300000,23300000,24000000,25100000,26200000,27200000,27000000,11,11.200000000000001,11.59,12.07,12.540000000000001,12.700000000000001,13.17,13.33,13.33,14.91,16.32,17.03,17.59,18.38,18.93,19.79,20.66,21.45,21.29
"nga",126,"Afrique","Nigeria","Nigeria",925000,925000,134500000,144400000,148100000,152600000,158200000,162300000,166600000,174900000,174900000,181800000,186900000,191800000,195900000,201000000,206000000,211400000,218500000,223800000,232600000,145,156.11,160.11,164.97,171.03,175.46,180.11,189.08,189.08,196.54,202.05,207.35,211.78,217.3,222.70000000000002,228.54,236.22,241.95000000000002,251.46
"nor",127,"Europe","Norway","Norvège",324000,324000,4700000,4700000,4800000,4800000,4800000,5000000,5000000,5100000,5100000,5200000,5300000,5300000,5300000,5400000,5400000,5400000,5400000,5400000,5500000,15,14.51,14.81,14.81,14.81,15.43,15.43,15.74,15.74,16.05,16.36,16.36,16.36,16.67,16.67,16.67,16.67,16.67,16.98
"nzl",128,"Océanie","New Zealand","Nouvelle-Zélande",271000,271000,4100000,4200000,4300000,4300000,4300000,4400000,4500000,4500000,4500000,4600000,4500000,4600000,4700000,4800000,4800000,4900000,5200000,5200000,5200000,15,15.5,15.870000000000001,15.870000000000001,15.870000000000001,16.240000000000002,16.61,16.61,16.61,16.97,16.61,16.97,17.34,17.71,17.71,18.080000000000002,19.19,19.19,19.19
"omn",129,"Asie","Oman","Oman",213000,213000,2600000,2700000,2700000,3100000,2900000,3000000,2900000,4000000,3500000,4200000,4600000,4700000,4800000,4700000,5100000,5200000,4500000,4600000,5200000,12,12.68,12.68,14.55,13.620000000000001,14.08,13.620000000000001,18.78,16.43,19.72,21.6,22.07,22.54,22.07,23.94,24.41,21.13,21.6,24.41
"uga",130,"Afrique","Uganda","Ouganda",241000,241000,27700000,28500000,29200000,30700000,33800000,34500000,35600000,36900000,36900000,40100000,40300000,41700000,44300000,44300000,45700000,47100000,47200000,48500000,50000000,115,118.26,121.16,127.39,140.25,143.15,147.72,153.11,153.11,166.39000000000001,167.22,173.03,183.82,183.82,189.63,195.44,195.85,201.24,207.47
"uzb",131,"Asie","Uzbekistan","Ouzbékistan",448000,448000,26200000,26500000,27200000,27600000,27800000,28500000,28100000,30200000,30200000,31300000,30300000,30700000,32400000,33000000,33500000,33900000,34600000,35100000,36300000,58,59.15,60.71,61.61,62.050000000000004,63.620000000000005,62.72,67.41,67.41,69.87,67.63,68.53,72.32000000000001,73.66,74.78,75.67,77.23,78.35000000000001,81.03
"pak",132,"Asie","Pakistan","Pakistan",797000,797000,165800000,169300000,172800000,180600000,184800000,176900000,176900000,190700000,190700000,199000000,193000000,196700000,200700000,216600000,220900000,225200000,235800000,240500000,251200000,208,212.42000000000002,216.81,226.6,231.87,221.96,221.96,239.27,239.27,249.69,242.16,246.8,251.82,271.77,277.16,282.56,295.86,301.76,315.18
"plw",133,"Océanie","Palau","Palaos",500,500,,,,,,,,20000,20000,20000,20000,20000,21500,21500,18000,18000,18000,18000,18000,,,,,,,,40.,40.,40.,40.,40.,43.,43.,36.,36.,36.,36.,36.
"pan",134,"Amérique","Panama","Panama",76000,76000,3300000,3300000,3400000,3500000,3500000,3600000,3600000,3900000,3900000,4000000,4000000,4000000,4200000,4200000,4300000,4300000,4400000,4400000,4500000,43,43.42,44.74,46.050000000000004,46.050000000000004,47.37,47.37,51.32,51.32,52.63,52.63,52.63,55.26,55.26,56.58,56.58,57.89,57.89,59.21
"png",135,"Océanie","Papua New Guinea","Papouasie-Nouvelle-Guinée",463000,463000,6000000,6300000,6500000,6600000,6900000,6900000,7200000,7200000,7200000,7700000,7700000,7900000,8400000,8800000,8900000,9100000,10100000,10300000,10500000,13,13.61,14.040000000000001,14.25,14.9,14.9,15.55,15.55,15.55,16.63,16.63,17.06,18.14,19.01,19.22,19.650000000000002,21.81,22.25,22.68
"pry",136,"Amérique","Paraguay","Paraguay",407000,407000,6300000,6100000,6200000,6200000,6500000,6600000,6700000,6800000,6800000,7000000,6700000,6800000,6900000,7000000,7100000,7200000,6800000,6800000,6900000,15,14.99,15.23,15.23,15.97,16.22,16.46,16.71,16.71,17.2,16.46,16.71,16.95,17.2,17.44,17.69,16.71,16.71,16.95
"nld",137,"Europe","Netherlands","Pays-Bas",41000,41000,16400000,16400000,16400000,16500000,16600000,16700000,16700000,16800000,16800000,16900000,16900000,17000000,17100000,17100000,17100000,17100000,17600000,17600000,18200000,400,400.,400.,402.44,404.88,407.32,407.32,409.76,409.76,412.2,412.2,414.63,417.07,417.07,417.07,417.07,429.27,429.27,443.90000000000003
"per",138,"Amérique","Peru","Pérou",1287000,1287000,28400000,27900000,27900000,29200000,29500000,29000000,29700000,30500000,30500000,31200000,31800000,32200000,32600000,32500000,33000000,33300000,33300000,34300000,34200000,22,21.68,21.68,22.69,22.92,22.53,23.080000000000002,23.7,23.7,24.240000000000002,24.71,25.02,25.330000000000002,25.25,25.64,25.87,25.87,26.650000000000002,26.57
"phl",139,"Asie","Philippines","Philippines",300000,300000,86300000,88700000,90500000,92200000,93600000,95700000,96500000,96200000,96200000,103000000,102200000,103800000,106500000,108100000,109600000,111000000,115600000,117300000,115800000,288,295.67,301.67,307.33,312.,319.,321.67,320.67,320.67,343.33,340.67,346.,355.,360.33,365.33,370.,385.33,391.,386.
"pol",140,"Europe","Poland","Pologne",324000,324000,38100000,38100000,38100000,38100000,38100000,38200000,38300000,38500000,38500000,38500000,38500000,38600000,38100000,37900000,37800000,37800000,39900000,41000000,38500000,118,117.59,117.59,117.59,117.59,117.9,118.21000000000001,118.83,118.83,118.83,118.83,119.14,117.59,116.98,116.67,116.67,123.15,126.54,118.83
"prt",141,"Europe","Portugal","Portugal",92000,92000,10600000,10700000,10600000,10600000,10600000,10700000,10700000,10500000,10500000,10300000,10300000,10300000,10300000,10200000,10200000,10200000,10300000,10200000,10400000,115,116.3,115.22,115.22,115.22,116.3,116.3,114.13,114.13,111.96000000000001,111.96000000000001,111.96000000000001,111.96000000000001,110.87,110.87,110.87,111.96000000000001,110.87,113.04
"qat",142,"Asie","Qatar","Qatar",11000,11000,800000,900000,900000,1400000,1500000,1700000,1900000,2200000,2200000,2400000,2300000,2300000,2700000,2800000,2900000,2900000,2700000,2700000,3000000,73,81.82000000000001,81.82000000000001,127.27,136.36,154.55,172.73,200.,200.,218.18,209.09,209.09,245.45000000000002,254.55,263.64,263.64,245.45000000000002,245.45000000000002,272.73
"caf",143,"Afrique","Central African Republic","République centrafricaine",624000,624000,4300000,4300000,4400000,4500000,4500000,5000000,4600000,4700000,4700000,5600000,5000000,5100000,4700000,4700000,4800000,4900000,5600000,5700000,5300000,7,6.890000000000001,7.05,7.21,7.21,8.01,7.37,7.53,7.53,8.97,8.01,8.17,7.53,7.53,7.69,7.8500000000000005,8.97,9.13,8.49
"cod",144,"Afrique","Democratic Republic of the Congo","République démocratique du Congo",2348000,2348000,62700000,62600000,66500000,68700000,67800000,67800000,69600000,71100000,71100000,73300000,79700000,82200000,84000000,86800000,89600000,92300000,99000000,102200000,109000000,27,26.66,28.32,29.26,28.88,28.88,29.64,30.28,30.28,31.220000000000002,33.94,35.01,35.78,36.97,38.160000000000004,39.31,42.160000000000004,43.53,46.42
"dom",145,"Amérique","Dominican Republic","République dominicaine",49000,49000,9000000,9400000,9900000,10100000,10200000,10000000,10200000,10300000,10300000,10500000,10600000,10800000,10900000,10700000,10800000,10900000,11200000,11300000,11400000,184,191.84,202.04,206.12,208.16,204.08,208.16,210.20000000000002,210.20000000000002,214.29,216.33,220.41,222.45000000000002,218.37,220.41,222.45000000000002,228.57,230.61,232.65
"cze",146,"Europe","Czech Republic","République tchèque",79000,79000,10300000,10300000,10400000,10500000,10500000,10500000,10600000,10500000,10500000,10600000,10600000,10600000,10600000,10700000,10700000,10700000,10500000,10400000,10700000,130,130.38,131.65,132.91,132.91,132.91,134.18,132.91,132.91,134.18,134.18,134.18,134.18,135.44,135.44,135.44,132.91,131.65,135.44
"rou",147,"Europe","Romania","Roumanie",239000,239000,21600000,21600000,21500000,21500000,21500000,21400000,21400000,21300000,21300000,19800000,19300000,19200000,19600000,19400000,19600000,19100000,19700000,19900000,19000000,90,90.38,89.96000000000001,89.96000000000001,89.96000000000001,89.54,89.54,89.12,89.12,82.85000000000001,80.75,80.33,82.01,81.17,82.01,79.92,82.43,83.26,79.5
"gbr",148,"Europe","United Kingdom","Royaume-Uni",245000,245000,60500000,61000000,61300000,6180000,61800000,62700000,62800000,64100000,64100000,65100000,65100000,65500000,66600000,67500000,67900000,68200000,67500000,67700000,69100000,247,248.98000000000002,250.20000000000002,25.22,252.24,255.92000000000002,256.33,261.63,261.63,265.71,265.71,267.35,271.84000000000003,275.51,277.14,278.37,275.51,276.33,282.04
"rus",149,"Europe","Russia","Russie",17095000,17095000,142300000,141700000,141900000,141800000,141200000,142800000,142700000,143500000,143500000,144300000,143400000,143400000,144000000,145900000,146000000,146000000,144700000,144400000,144800000,8,8.290000000000001,8.3,8.290000000000001,8.26,8.35,8.35,8.39,8.39,8.44,8.39,8.39,8.42,8.53,8.540000000000001,8.540000000000001,8.46,8.45,8.47
"rwa",150,"Afrique","Rwanda","Rwanda",26000,26000,9100000,9300000,9600000,9900000,10300000,10900000,11300000,11100000,11100000,11300000,11800000,12200000,12500000,12600000,12900000,13200000,13800000,14000000,14200000,350,357.69,369.23,380.77,396.15000000000003,419.23,434.62,426.92,426.92,434.62,453.85,469.23,480.77,484.62,496.15000000000003,507.69,530.77,538.46,546.15
"lca",151,"Amérique","Saint Lucia","Sainte-Lucie",1000,1000,,,,,,,,170000,170000,180000,186000,188000,4200000,183000,184000,184000,180000,180000,180000,,,,,,,,170.,170.,180.,186.,188.,4200.,183.,184.,184.,180.,180.,180.
"kna",152,"Amérique","Saint Kitts and Nevis","Saint-Christophe-et-Niévès",400,400,,,,,,,,50000,50000,50000,50000,50000,54821,54000,53000,53000,53500,54700,54700,,,,,,,,125.,125.,125.,125.,125.,137.05,135.,132.5,132.5,133.75,136.75,136.75
"vct",153,"Amérique","Saint Vincent and the Grenadines","Saint-Vincent-et-les-Grenadines",500,500,,,,,,,,110000,110000,110000,110000,110000,110000,111000,111000,111000,104000,104000,111000,,,,,,,,220.,220.,220.,220.,220.,220.,222.,222.,222.,208.,208.,222.
"slb",154,"Océanie","Solomon Islands","Salomon",29000,29000,,,,520000,530000,600000,600000,580000,580000,600000,595000,606000,623000,670000,690000,704000,724000,740000,819000,,,,17.93,18.28,20.69,20.69,20.,20.,20.69,20.52,20.900000000000002,21.48,23.1,23.79,24.28,24.97,25.52,28.240000000000002
"slv",155,"Amérique","El Salvador","Salvador",21000,21000,7000000,6900000,7200000,7300000,6200000,6200000,6300000,6300000,6300000,6400000,6100000,6200000,6400000,6500000,6500000,6500000,6300000,6300000,6300000,333,328.57,342.86,347.62,295.24,295.24,300.,300.,300.,304.76,290.48,295.24,304.76,309.52,309.52,309.52,300.,300.,300.
"wsm",156,"Océanie","Samoa","Samoa",28000,28000,,,,190000,180000,200000,200000,190000,190000,190000,195000,196000,198000,197000,198000,200000,222000,226000,218000,,,,6.79,6.43,7.140000000000001,7.140000000000001,6.79,6.79,6.79,6.96,7.,7.07,7.04,7.07,7.140000000000001,7.930000000000001,8.07,7.79
"smr",157,"Europe","San Marino","Saint-Marin",66,66,,,,,,,,30000,30000,30000,32000,32000,33328,33400,33600,34000,34000,35000,33600,,,,,,,,454.55,454.55,454.55,484.85,484.85,504.97,506.06,509.09000000000003,515.15,515.15,530.3,509.09000000000003
"stp",158,"Afrique","Sao Tome and Principe","São-Tomé-et-Principe",1000,1000,200000,200000,200000,200000,200000,200000,200000,200000,200000,200000,194000,198000,209000,220000,220000,223000,223000,232000,236000,200,200.,200.,200.,200.,200.,200.,200.,200.,200.,194.,198.,209.,220.,220.,223.,223.,232.,236.
"sen",159,"Afrique","Senegal","Sénégal",197000,197000,11900000,12400000,12700000,12500000,12900000,12800000,13100000,13500000,13500000,14700000,15600000,16100000,16300000,16300000,16700000,17100000,17300000,17700000,18500000,60,62.940000000000005,64.47,63.45,65.48,64.97,66.5,68.53,68.53,74.62,79.19,81.73,82.74,82.74,84.77,86.8,87.82000000000001,89.85000000000001,93.91
"srb",160,"Europe","Serbia","Serbie",102000,102000,9500000,9500000,7400000,7300000,7300000,7300000,7300000,7100000,7100000,7100000,8800000,8800000,8800000,8800000,8700000,8700000,7200000,7100000,6700000,93,93.14,72.55,71.57000000000001,71.57000000000001,71.57000000000001,71.57000000000001,69.61,69.61,69.61,86.27,86.27,86.27,86.27,85.29,85.29,70.59,69.61,65.69
"syc",161,"Afrique","Seychelles","Seychelles",500,500,100000,100000,100000,100000,100000,100000,100000,90000,90000,90000,97000,98000,95000,100000,100000,90000,107000,108000,130000,200,200.,200.,200.,200.,200.,200.,180.,180.,180.,194.,196.,190.,200.,200.,180.,214.,216.,260.
"sle",162,"Afrique","Sierra Leone","Sierra Leone",72000,72000,5700000,5300000,5500000,5700000,5800000,5400000,6100000,6200000,6200000,6500000,6600000,6700000,7700000,7800000,8000000,8100000,8600000,8700000,8600000,79,73.61,76.39,79.17,80.56,75.,84.72,86.11,86.11,90.28,91.67,93.06,106.94,108.33,111.11,112.5,119.44,120.83,119.44
"sgp",163,"Asie","Singapore","Singapour",600,600,4500000,4600000,4800000,5100000,4800000,5200000,5200000,5400000,5400000,5500000,5700000,5800000,5800000,5800000,5800000,5900000,6000000,6000000,5800000,7500,7666.67,8000.,8500.,8000.,8666.67,8666.67,9000.,9000.,9166.67,9500.,9666.67,9666.67,9666.67,9666.67,9833.33,10000.,10000.,9666.67
"svk",164,"Europe","Slovakia","Slovaquie",49000,49000,5400000,5400000,5400000,5400000,5400000,5400000,5500000,5400000,5400000,5400000,5400000,5400000,5400000,5500000,5500000,5400000,5600000,5700000,5500000,110,110.2,110.2,110.2,110.2,110.2,112.24000000000001,110.2,110.2,110.2,110.2,110.2,110.2,112.24000000000001,112.24000000000001,110.2,114.29,116.33,112.24000000000001
"svn",165,"Europe","Slovenia","Slovénie",20000,20000,2000000,2000000,2000000,2000000,2000000,2100000,2000000,2100000,2100000,2100000,2100000,2100000,2100000,2100000,2100000,2100000,2100000,2100000,2100000,100,100.,100.,100.,100.,105.,100.,105.,105.,105.,105.,105.,105.,105.,105.,105.,105.,105.,105.
"som",166,"Afrique","Somalia","Somalie",638000,638000,8900000,8800000,9000000,9100000,9400000,9900000,9800000,10400000,10400000,11100000,11000000,11400000,15100000,15400000,15900000,16300000,16300000,18100000,19000000,14,13.790000000000001,14.11,14.26,14.73,15.52,15.36,16.3,16.3,17.400000000000002,17.240000000000002,17.87,23.67,24.14,24.92,25.55,25.55,28.37,29.78
"sdn",167,"Afrique","Sudan","Soudan",2509000,1861500,40200000,38600000,39400000,42300000,43200000,34900000,34900000,34200000,34200000,40900000,41100000,42200000,41500000,42800000,42800000,44900000,46900000,48100000,50400000,16,15.38,15.700000000000001,16.86,17.22,18.75,18.75,18.37,18.37,21.97,22.080000000000002,22.67,22.29,22.990000000000002,22.990000000000002,24.12,25.19,25.84,27.07
"ssd",168,"Afrique","South Sudan","Soudan du Sud",,647500,,,,,,8300000,8300000,9800000,9800000,12200000,12700000,13100000,12900000,11100000,11200000,11300000,10900000,11000000,11900000,,,,,,12.82,12.82,15.14,15.14,18.84,19.61,20.23,19.92,17.14,17.3,17.45,16.830000000000002,16.990000000000002,18.38
"lka",169,"Asie","Sri Lanka","Sri Lanka",66000,66000,19900000,20100000,20300000,20500000,20400000,20900000,20900000,20500000,20500000,20900000,20800000,20900000,21000000,21300000,21400000,21400000,21800000,21900000,23100000,302,304.55,307.58,310.61,309.09000000000003,316.67,316.67,310.61,310.61,316.67,315.15000000000003,316.67,318.18,322.73,324.24,324.24,330.3,331.82,350.
"swe",170,"Europe","Sweden","Suède",450000,450000,9100000,9100000,9200000,9300000,9300000,9400000,9500000,9600000,9600000,9800000,10500000,10500000,10000000,10000000,10100000,10100000,10500000,10600000,10600000,20,20.22,20.44,20.67,20.67,20.89,21.11,21.330000000000002,21.330000000000002,21.78,23.330000000000002,23.330000000000002,22.22,22.22,22.44,22.44,23.330000000000002,23.56,23.56
"che",171,"Europe","Switzerland","Suisse",41000,41000,7500000,7500000,7600000,7800000,7600000,7900000,7700000,8100000,8100000,8300000,8400000,8500000,8500000,8600000,8600000,8700000,8700000,8700000,8900000,183,182.93,185.37,190.24,185.37,192.68,187.8,197.56,197.56,202.44,204.88,207.32,207.32,209.76,209.76,212.20000000000002,212.20000000000002,212.20000000000002,217.07
"sur",172,"Amérique","Suriname","Suriname",163000,163000,500000,500000,500000,500000,500000,500000,500000,600000,600000,600000,548000,552000,556000,581000,587000,592000,592000,623000,634000,3,3.0700000000000003,3.0700000000000003,3.0700000000000003,3.0700000000000003,3.0700000000000003,3.0700000000000003,3.68,3.68,3.68,3.36,3.39,3.41,3.56,3.6,3.63,3.63,3.8200000000000003,3.89
"swz",173,"Afrique","Eswatini (ex-Swaziland)","Eswatini (ex-Swaziland)",17000,17000,1100000,1100000,1100000,1200000,1200000,1200000,1200000,1200000,1200000,1300000,1300000,1300000,1400000,1100000,1100000,1100000,1200000,1200000,1200000,65,64.71000000000001,64.71000000000001,70.59,70.59,70.59,70.59,70.59,70.59,76.47,76.47,76.47,82.35000000000001,64.71000000000001,64.71000000000001,64.71000000000001,70.59,70.59,70.59
"syr",174,"Asie","Syria","Syrie",185000,185000,19500000,19900000,19900000,21900000,22500000,22500000,21100000,21900000,21900000,17100000,18600000,18900000,18300000,17100000,19400000,18200000,22100000,23200000,24600000,105,107.57000000000001,107.57000000000001,118.38,121.62,121.62,114.05,118.38,118.38,92.43,100.54,102.16,98.92,92.43,104.86,98.38,119.46000000000001,125.41,132.97
"tjk",175,"Asie","Tajikistan","Tadjikistan",143000,143000,7000000,7100000,7300000,7500000,7000000,7500000,7100000,8100000,8100000,8500000,8600000,8900000,9100000,9300000,9500000,9700000,10000000,10100000,10500000,49,49.65,51.050000000000004,52.45,48.95,52.45,49.65,56.64,56.64,59.44,60.14,62.24,63.64,65.03,66.43,67.83,69.93,70.63,73.43
"twn",176,"Asie","Taiwan","Taïwan",36000,36000,22800000,22900000,23000000,23100000,23100000,23200000,23300000,23400000,23400000,23500000,23400000,23400000,23700000,23800000,23800000,23800000,23900000,23900000,23200000,633,636.11,638.89,641.67,641.67,644.44,647.22,650.,650.,652.78,650.,650.,658.33,661.11,661.11,661.11,663.89,663.89,644.44
"tza",177,"Afrique","Tanzania","Tanzanie",946000,946000,36500000,38700000,40200000,43700000,45000000,46200000,47700000,49100000,49100000,52300000,55100000,56900000,59100000,58000000,58000000,61500000,65500000,67400000,68500000,39,40.910000000000004,42.49,46.19,47.57,48.84,50.42,51.9,51.9,55.29,58.25,60.15,62.47,61.31,61.31,65.01,69.24,71.25,72.41
"tcd",178,"Afrique","Chad","Tchad",1285000,1285000,10000000,10800000,10100000,10300000,11500000,11500000,11800000,12200000,12200000,13700000,14500000,15000000,15300000,15900000,16400000,16900000,17700000,18200000,20200000,8,8.4,7.86,8.02,8.950000000000001,8.950000000000001,9.18,9.49,9.49,10.66,11.28,11.67,11.91,12.370000000000001,12.76,13.15,13.77,14.16,15.72
"tha",179,"Asie","Thailand","Thaïlande",514000,514000,65200000,65700000,66100000,67800000,68100000,69500000,69900000,66200000,66200000,65100000,68100000,68300000,69200000,69600000,69800000,69900000,71700000,71800000,71600000,127,127.82000000000001,128.6,131.91,132.49,135.21,135.99,128.79,128.79,126.65,132.49,132.88,134.63,135.41,135.8,135.99,139.49,139.69,139.3
"tls",180,"Asie","Timor-Leste","Timor-Oriental",15000,15000,1000000,1000000,1100000,1100000,1200000,1200000,1200000,1100000,1100000,1200000,1200000,1200000,1300000,1300000,1300000,1300000,1300000,1300000,1400000,67,66.67,73.33,73.33,80.,80.,80.,73.33,73.33,80.,80.,80.,86.67,86.67,86.67,86.67,86.67,86.67,93.33
"tgo",181,"Afrique","Togo","Togo",57000,57000,6300000,6600000,6800000,6600000,6800000,5800000,6300000,6200000,6200000,7200000,7500000,7700000,8000000,8100000,8300000,8400000,8800000,9000000,9500000,111,115.79,119.3,115.79,119.3,101.75,110.53,108.77,108.77,126.32000000000001,131.58,135.09,140.35,142.11,145.61,147.37,154.39000000000001,157.89000000000001,166.67000000000002
"ton",182,"Océanie","Tonga","Tonga",700,700,,,,100000,100000,100000,100000,100000,100000,100000,107000,108000,109000,104000,106000,107000,107000,108000,104000,,,,142.86,142.86,142.86,142.86,142.86,142.86,142.86,152.86,154.29,155.71,148.57,151.43,152.86,152.86,154.29,148.57
"tto",183,"Amérique","Trinidad and Tobago","Trinité-et-Tobago",5000,5000,1300000,1400000,1300000,1300000,1300000,1300000,1400000,1300000,1300000,1400000,1400000,1400000,1400000,1400000,1400000,1400000,1500000,1500000,1500000,260,280.,260.,260.,260.,260.,280.,260.,260.,280.,280.,280.,280.,280.,280.,280.,300.,300.,300.
"tun",184,"Afrique","Tunisia","Tunisie",164000,164000,10100000,10200000,10300000,10400000,10400000,10700000,10700000,10900000,10900000,11000000,11400000,11500000,11700000,11700000,11800000,11900000,12400000,12400000,12200000,62,62.2,62.800000000000004,63.410000000000004,63.410000000000004,65.24,65.24,66.46000000000001,66.46000000000001,67.07000000000001,69.51,70.12,71.34,71.34,71.95,72.56,75.61,75.61,74.39
"tkm",185,"Asie","Turkmenistan","Turkménistan",489000,489000,5300000,5400000,5200000,5100000,5200000,5100000,5200000,5200000,5200000,5400000,5400000,5500000,5800000,5900000,6000000,6100000,6400000,6500000,7400000,11,11.040000000000001,10.63,10.43,10.63,10.43,10.63,10.63,10.63,11.040000000000001,11.040000000000001,11.25,11.86,12.07,12.27,12.47,13.09,13.290000000000001,15.13
"tur",186,"Asie","Turkey","Turquie",776000,776000,73700000,74000000,74800000,74800000,75700000,74000000,74500000,76100000,76100000,78200000,79600000,80400000,82000000,83400000,84300000,85000000,85300000,85800000,87400000,95,95.36,96.39,96.39,97.55,95.36,96.01,98.07000000000001,98.07000000000001,100.77,102.58,103.61,105.67,107.47,108.63,109.54,109.92,110.57000000000001,112.63
"tuv",187,"Océanie","Tuvalu","Tuvalu",24,24,,,,,,,,10000,10000,10000,10000,10000,11000,11000,11600,11800,11800,11300,11300,,,,,,,,416.67,416.67,416.67,416.67,416.67,458.33,458.33,483.33,491.67,491.67,470.83,470.83
"ukr",188,"Europe","Ukraine","Ukraine",604000,604000,46800000,46500000,46200000,46000000,45400000,45700000,44900000,45500000,42800000,42800000,44600000,44400000,44000000,150400000,43700000,43500000,39700000,36700000,37800000,77,76.99,76.49,76.16,75.17,75.66,74.34,75.33,70.86,70.86,73.84,73.51,72.85000000000001,249.01000000000002,72.35000000000001,72.02,65.73,60.76,62.58
"ury",189,"Amérique","Uruguay","Uruguay",178000,178000,3300000,3300000,3300000,3400000,3400000,3400000,3400000,3400000,3400000,3600000,3400000,3500000,3500000,3500000,3500000,3500000,3400000,3400000,3300000,19,18.54,18.54,19.1,19.1,19.1,19.1,19.1,19.1,20.22,19.1,19.66,19.66,19.66,19.66,19.66,19.1,19.1,18.54
"vut",190,"Océanie","Vanuatu","Vanuatu",12000,12000,,,,240000,250000,250000,300000,270000,270000,280000,270000,276000,282000,300000,300000,314000,327000,335000,328000,,,,20.,20.830000000000002,20.830000000000002,25.,22.5,22.5,23.330000000000002,22.5,23.,23.5,25.,25.,26.17,27.25,27.92,27.330000000000002
"ven",191,"Amérique","Venezuela","Venezuela",913000,913000,27000000,27500000,27900000,28400000,29000000,29300000,29900000,29700000,29700000,30600000,31500000,31900000,32300000,28500000,28400000,28700000,28700000,28800000,28400000,30,30.12,30.560000000000002,31.11,31.76,32.09,32.75,32.53,32.53,33.52,34.5,34.94,35.38,31.220000000000002,31.11,31.43,31.43,31.54,31.11
"vnm",192,"Asie","Vietnam","Viêt-nam",332000,332000,84200000,85100000,86200000,87300000,89000000,87900000,89700000,89700000,89700000,91700000,94400000,95400000,96500000,96500000,97300000,98100000,98200000,89800000,100900000,254,256.33,259.64,262.95,268.07,264.76,270.18,270.18,270.18,276.2,284.34000000000003,287.35,290.66,290.66,293.07,295.48,295.78000000000003,270.48,303.92
"yem",193,"Asie","Yemen","Yémen",529000,529000,21600000,22400000,22200000,22900000,24300000,23800000,25600000,25200000,25200000,26700000,27500000,28100000,28900000,29200000,29800000,30500000,33700000,34400000,40500000,41,42.34,41.97,43.29,45.94,44.99,48.39,47.64,47.64,50.47,51.980000000000004,53.120000000000005,54.63,55.2,56.33,57.660000000000004,63.71,65.03,76.56
"zmb",194,"Afrique","Zambia","Zambie",753000,753000,11900000,11500000,12200000,12600000,13300000,13500000,13900000,14200000,14200000,15500000,16700000,17200000,17600000,17900000,18300000,18900000,20000000,20500000,21300000,16,15.27,16.2,16.73,17.66,17.93,18.46,18.86,18.86,20.580000000000002,22.18,22.84,23.37,23.77,24.3,25.1,26.560000000000002,27.22,28.29
"zwe",195,"Afrique","Zimbabwe","Zimbabwe",391000,391000,13100000,13300000,13500000,12500000,12700000,12100000,13000000,13000000,13000000,17400000,16000000,16300000,16900000,16000000,14900000,15000000,16300000,16600000,16600000,34,34.02,34.53,31.970000000000002,32.480000000000004,30.95,33.25,33.25,33.25,44.5,40.92,41.69,43.22,40.92,38.11,38.36,41.69,42.46,42.46
